"model","repeat_id","fold_id","n_test","mae","rmse","rmsle","r2","mape","prediksi_negatif_sebelum_batas"
"linear_raw",1,1,100,4677946334.52829,8689358286.37779,2.83113944611405,0.710236958810204,31.0697748237529,2
"linear_log",1,1,100,4586831135.0404,8257713773.10684,0.336065204808301,0.738309936630782,25.9802647974831,0
"spline_log",1,1,100,4535330573.31072,8336859770.2234,0.33562081940083,0.733269564139871,25.4776843961638,0
"random_forest_log",1,1,100,4544911532.54513,9274042202.27989,0.339724870126894,0.669930255275755,25.2605925360679,0
"linear_raw",1,2,100,8510001338.59031,20117032116.8499,2.1316773603916,0.374704024113248,45.9588765389612,1
"linear_log",1,2,100,8199892130.62657,18915212269.3783,0.477897960843161,0.447184445808063,41.7396728208684,0
"spline_log",1,2,100,8298610026.79106,19405838531.9594,0.483454770213881,0.418134453863493,41.3747673447002,0
"random_forest_log",1,2,100,7368065273.89473,17656246764.7361,0.461039687147941,0.518324457624801,39.6937661890859,0
"linear_raw",1,3,100,7764627195.00041,21704589596.0883,0.454388491483518,0.576785617901282,40.6474548577542,0
"linear_log",1,3,100,7311898749.83517,19850268976.2711,0.422799656690953,0.646010766622068,36.6001584677398,0
"spline_log",1,3,100,7705033375.97657,22424597127.8695,0.428403810268283,0.548241263527727,36.4422244256152,0
"random_forest_log",1,3,100,7986594156.10632,22426205215.6361,0.438135156055778,0.548176469164533,39.3540485431342,0
"linear_raw",1,4,91,5838562772.97127,13226233268.3327,3.00902162094229,0.712389367624943,37.6579145351959,2
"linear_log",1,4,91,5914678321.74851,14267848691.966,0.384029368406679,0.665304732853236,30.7232024061778,0
"spline_log",1,4,91,5332983849.76555,12998324207.3564,0.380463203873463,0.722215946426533,30.1031101242864,0
"random_forest_log",1,4,91,6740007600.23617,18074042636.3326,0.412581931377161,0.462914798998853,31.8280812421264,0
"linear_raw",1,5,90,5880133141.01175,10044356865.6822,2.20726603144009,0.43074231714401,50.6829030001308,1
"linear_log",1,5,90,5830892043.37737,10512756867.557,0.477022818897082,0.376411822532539,45.1808905100556,0
"spline_log",1,5,90,5613387974.88883,10090469573.5542,0.479620826300593,0.425503501106406,45.7698030230641,0
"random_forest_log",1,5,90,5212152646.02547,10933319911.8315,0.4602731738248,0.325520516528337,41.8023707270901,0
"linear_raw",1,6,90,6008497687.70074,14485152965.7785,2.11197249006963,0.483806953206082,37.2393180093417,1
"linear_log",1,6,90,5857361140.1318,15032353347.2883,0.399535693886148,0.444070231486484,31.634044753068,0
"spline_log",1,6,90,5812166643.86208,14957435444.8181,0.402509054583842,0.4495976836846,31.7777679622489,0
"random_forest_log",1,6,90,6446643390.87178,15195690636.676,0.416904608736538,0.431923445821854,35.2332544461928,0
"linear_raw",1,7,90,5188926926.16311,8746816806.49572,2.90365739210243,0.667392063170558,42.3136188590402,2
"linear_log",1,7,90,4660955360.87648,7662544790.3882,0.383837835463899,0.74474244846126,34.2440719325137,0
"spline_log",1,7,90,4443409693.21887,7278373588.81785,0.381530232449185,0.769696131019715,33.6256934051715,0
"random_forest_log",1,7,90,3929220250.93307,6851101260.21885,0.37780915380281,0.795942143746297,32.5284742919957,0
"linear_raw",1,8,90,8913640986.02468,22028281734.1445,3.73214022562085,0.159481874504806,44.9833109611611,3
"linear_log",1,8,90,11206770036.881,43508833226.334,0.443898838684111,-2.2789946845444,42.5190176001703,0
"spline_log",1,8,90,13417637348.6445,65451948269.9706,0.44958350748741,-6.42046285729833,42.6033921371722,0
"random_forest_log",1,8,90,6502321597.59369,13005022212.3436,0.44301125856983,0.707040196776425,39.2331051955834,0
"linear_raw",1,9,90,4737684094.27503,7966225472.99981,0.370873494653211,0.540202016963111,32.6469009363472,0
"linear_log",1,9,90,4614549615.41998,7557773811.40234,0.352292600017837,0.586143620993448,29.7687285808106,0
"spline_log",1,9,90,4541592665.94048,7200973775.48384,0.3495892773427,0.624297286489966,29.775443159965,0
"random_forest_log",1,9,90,4331438340.66689,6731913523.7249,0.338843926614811,0.67164855627471,30.0474982116569,0
"linear_raw",1,10,90,5737902201.24586,10489169807.1676,2.15269283613313,0.525291904265856,44.1655924821998,1
"linear_log",1,10,90,5368111439.27674,9039330668.1541,0.422703159397495,0.647453056987054,37.9713638172427,0
"spline_log",1,10,90,5402742352.15529,9707437461.9734,0.418457337187988,0.593412887580436,36.9202314813753,0
"random_forest_log",1,10,90,5136854826.6123,9318760370.72579,0.416816417922911,0.62531984245059,35.9126367904513,0
"linear_raw",2,1,100,5952135868.73096,12543539993.1221,3.40671290739233,0.445563639588832,39.2153393107447,3
"linear_log",2,1,100,5594430032.35437,11785989291.7315,0.414937897800795,0.510510307935303,34.5742866261365,0
"spline_log",2,1,100,5659608632.90176,12166865171.6662,0.408340175930995,0.478362437258626,33.5676520087965,0
"random_forest_log",2,1,100,5638605951.84351,12502330161.6899,0.432704860343835,0.449200682533691,35.4571903077488,0
"linear_raw",2,2,100,4657708648.53477,7930693805.83598,3.49582754318529,0.568356510161703,41.1444500648926,3
"linear_log",2,2,100,4563074926.60683,7836151615.90368,0.40527392302836,0.578586455133287,34.8809287692341,0
"spline_log",2,2,100,4481963250.27643,7723838215.26199,0.414166220502278,0.590579893724226,35.132490673733,0
"random_forest_log",2,2,100,4532269715.60719,8660474178.98203,0.411956955501187,0.485262069338424,35.4936600420656,0
"linear_raw",2,3,100,8061067917.60966,20177809746.9246,1.98503597072113,0.28416026777768,39.3294488102014,1
"linear_log",2,3,100,7626676420.9252,19308949885.3845,0.434812780837952,0.34448133061828,36.3364727687793,0
"spline_log",2,3,100,7491650449.04278,19522128690.9749,0.43468818006283,0.329927033632496,35.4730312108477,0
"random_forest_log",2,3,100,7599380799.02498,18687788771.0729,0.444554054342859,0.385978486904708,37.5222433210073,0
"linear_raw",2,4,91,5606686657.7215,8987556980.74317,0.500167813698546,0.657281422129609,41.8381113415254,0
"linear_log",2,4,91,5392594493.06181,8455069923.9898,0.422246024359937,0.696688595138987,36.9032351826068,0
"spline_log",2,4,91,5339205421.09029,8616803258.99514,0.418927217777921,0.684973790477639,36.2028514469682,0
"random_forest_log",2,4,91,6266755679.03647,11100054576.94,0.437130871744246,0.477237336935229,37.9647192455078,0
"linear_raw",2,5,90,7616691244.80195,19556369730.5819,0.453348038542685,0.443820291275187,39.2087270393732,0
"linear_log",2,5,90,7850349318.62457,19840467717.069,0.437535186546202,0.427543523107689,36.7253611116567,0
"spline_log",2,5,90,7710234156.24892,19942006419.5924,0.443337045964233,0.421669142787564,36.8306592666226,0
"random_forest_log",2,5,90,7162002471.59982,18125240319.2884,0.426718089743167,0.522243935516269,37.138747692309,0
"linear_raw",2,6,90,5041722193.19268,8998735484.35134,2.14898402060943,0.622038235995397,35.6046950816895,1
"linear_log",2,6,90,4607935776.7965,8457341354.25334,0.361378359009327,0.66614905108923,29.5897855241409,0
"spline_log",2,6,90,4547989368.71564,8389774463.1436,0.360994988899374,0.67146210708748,29.6736419476291,0
"random_forest_log",2,6,90,4312467565.86589,8014088891.67027,0.371071743268926,0.700226522625705,29.6852925128636,0
"linear_raw",2,7,90,6379232731.97398,15759671581.0409,0.435036018248254,0.768188501038001,41.5314260135601,0
"linear_log",2,7,90,6453788968.16079,16494406354.0243,0.391914006680579,0.746069990675705,33.8940505060712,0
"spline_log",2,7,90,5993125786.68971,16487830650.7864,0.386441852609419,0.74627241512331,33.1317912565468,0
"random_forest_log",2,7,90,7019949036.17172,21394155190.2178,0.396816815490626,0.57280030590297,33.6217989412835,0
"linear_raw",2,8,90,5918156642.46402,12737978814.5425,2.08541282765942,0.621959201255392,44.6001939259057,1
"linear_log",2,8,90,6001895793.04825,12170701745.8956,0.435126561319056,0.654881001759915,40.3182099401576,0
"spline_log",2,8,90,6061897699.44167,12893450308.0391,0.435078716423391,0.612674643550072,39.9083782328113,0
"random_forest_log",2,8,90,6391885837.67862,14613912800.6832,0.447270505048531,0.502411137638761,40.3494405022751,0
"linear_raw",2,9,90,5633859920.26195,9728413683.81844,2.18492435111796,0.565344862532193,39.3497928482272,1
"linear_log",2,9,90,5253739727.22797,8807031026.52393,0.405289388363776,0.643778760896763,35.4321023748131,0
"spline_log",2,9,90,5022814895.25765,8137986459.65583,0.403427540994053,0.695845194034416,35.3833646288753,0
"random_forest_log",2,9,90,5116584048.72653,9050246216.33985,0.43967806215375,0.623832261251318,38.4251837391831,0
"linear_raw",2,10,90,7428029884.62463,20152949631.2372,4.80696893741244,0.381480743109837,39.097436842745,5
"linear_log",2,10,90,9870466587.41575,41819590287.2777,0.38698461206244,-1.66339471629679,35.4003478076363,0
"spline_log",2,10,90,10404834204.5005,46581110036.9212,0.39563518449452,-2.30442313295574,35.830704747656,0
"random_forest_log",2,10,90,5261248791.14714,10345019500.5992,0.347750870384496,0.83701838616422,30.8074128163741,0
"linear_raw",3,1,100,4768533848.71454,7213605185.59853,0.417287548733527,0.878952842571247,38.4088410901415,0
"linear_log",3,1,100,5150924633.8311,10122213184.6528,0.371706149198392,0.761657869502643,32.3360375604542,0
"spline_log",3,1,100,4322080007.2466,6613574757.32019,0.367385331293768,0.898252817585269,31.6168997494034,0
"random_forest_log",3,1,100,5682707436.21876,12856276425.434,0.401765895974065,0.61551423886736,34.6562621112239,0
"linear_raw",3,2,100,5393560926.23048,9459417777.12021,0.469307675322084,0.620681781052477,40.7025993938738,0
"linear_log",3,2,100,5243275649.07865,8946666739.86719,0.393135910892026,0.660689413252502,34.6386748426333,0
"spline_log",3,2,100,5100946127.26633,8909170916.33648,0.39223247979161,0.663527580701323,34.1823327933632,0
"random_forest_log",3,2,100,5191872345.24148,8927749765.52173,0.418529222389579,0.662122783672809,37.551709210024,0
"linear_raw",3,3,100,6927853817.99996,18743542980.0523,2.84167641808487,0.357642874972331,38.6990916024288,2
"linear_log",3,3,100,9258739559.39084,38637948296.9675,0.41016295695113,-1.72961431375456,36.8306367988582,0
"spline_log",3,3,100,9953429654.91606,46137611743.7069,0.408277551772591,-2.89209464863145,36.6943678722496,0
"random_forest_log",3,3,100,5675272755.17849,10624243785.0963,0.399413376841838,0.793619230271706,35.4321291911389,0
"linear_raw",3,4,91,5595649430.26994,13055765501.6505,2.07872782254361,0.605612992103256,36.8194166994953,1
"linear_log",3,4,91,5597352407.65258,11934923263.9043,0.378093687592938,0.670422784770918,33.0154111269127,0
"spline_log",3,4,91,5599646843.0864,12468089960.3457,0.389915428387656,0.640318772177802,33.0215585336655,0
"random_forest_log",3,4,91,6150650138.92389,14651768503.4682,0.432507446632327,0.503295591908378,36.0337062073785,0
"linear_raw",3,5,90,8602562599.95958,24136267632.2557,2.09467366463437,0.33890018965048,37.6543145587571,1
"linear_log",3,5,90,8249378930.35828,23197360137.628,0.461416736637567,0.389333723947807,36.0143571300678,0
"spline_log",3,5,90,8266824000.51116,23690850123.7718,0.458280026025489,0.363075290844039,34.6442355455471,0
"random_forest_log",3,5,90,7854141946.49473,23067874764.8434,0.452225198383074,0.396132054698317,33.5313547356168,0
"linear_raw",3,6,90,8047049805.51673,20712144821.3969,2.26086209563148,0.576518716618446,45.7077570532192,1
"linear_log",3,6,90,8188489254.88046,21173312001.8932,0.449329419301854,0.557450691230044,36.7469449882967,0
"spline_log",3,6,90,8114193616.03857,22072800764.276,0.446703569494856,0.519051074401119,36.1779732394697,0
"random_forest_log",3,6,90,8249202261.57524,22055245609.953,0.460792775002211,0.519815796120249,39.0356053384897,0
"linear_raw",3,7,90,5779396777.93617,10213066597.5846,2.08263116528128,0.541893069905506,40.5079406241421,1
"linear_log",3,7,90,5166804462.43617,8469203975.6318,0.401776831849094,0.684978845078301,35.9942787078492,0
"spline_log",3,7,90,5343662463.20539,9060800179.35325,0.406052521193031,0.639431619129011,36.4778581560336,0
"random_forest_log",3,7,90,5438383063.9326,9380171626.2976,0.397347064045156,0.613565312371982,36.6982012099564,0
"linear_raw",3,8,90,5765327718.11053,9821727774.92925,3.66410638704314,0.505813405148923,43.3520410703561,3
"linear_log",3,8,90,5355245462.38611,8698989884.19894,0.424328776379485,0.61233836175145,38.2775926172017,0
"spline_log",3,8,90,5456906414.76973,9029739788.84925,0.428800305654152,0.58229887412799,38.4596166967469,0
"random_forest_log",3,8,90,5088646048.31493,8701442410.01339,0.415043577814346,0.612119742299927,36.6252146381939,0
"linear_raw",3,9,90,5735990476.14807,9886984206.39186,3.01322759046861,0.467819179253553,45.7489089195434,2
"linear_log",3,9,90,4927448838.26269,8851634604.0648,0.426112703361147,0.573441604631657,38.2214823447523,0
"spline_log",3,9,90,4896283443.49373,8562893556.97839,0.434288077102858,0.600816456459692,38.3234133009731,0
"random_forest_log",3,9,90,4889318106.05686,8652184425.73306,0.428277251218009,0.592447957220965,39.6978564290352,0
"linear_raw",3,10,90,6552414993.13753,13786677859.7401,2.11340228523491,0.442996343571016,36.9682726008475,1
"linear_log",3,10,90,5945082675.10899,12109293771.9099,0.400721821460291,0.570289049807402,33.23796829996,0
"spline_log",3,10,90,6093119767.13371,12892418630.6712,0.404139670464746,0.512911822802107,33.5373782928134,0
"random_forest_log",3,10,90,6070937552.67069,12507860025.0002,0.420933660582975,0.54153644779412,33.9609150786979,0
"linear_raw",4,1,100,4731850827.46754,8587176406.43296,0.441321191508809,0.828013031017638,39.2315213298728,0
"linear_log",4,1,100,4864710106.79065,9611927537.34509,0.394087963657977,0.784515642361187,33.78575740943,0
"spline_log",4,1,100,4431229781.75178,7462001600.41449,0.390803166530051,0.870131014174142,33.5241586752697,0
"random_forest_log",4,1,100,5766792552.05443,13642038222.6315,0.431840814085723,0.565936470588011,37.775879690263,0
"linear_raw",4,2,100,6294288059.10866,14502080617.0963,0.432804527464326,0.704221617953488,41.2935664805319,0
"linear_log",4,2,100,6320432827.62404,14491458606.7422,0.408086900747781,0.704654743452138,36.7286515350465,0
"spline_log",4,2,100,6342475553.2063,15696675938.8713,0.413773634431462,0.653485682797925,36.8563432008747,0
"random_forest_log",4,2,100,6229181400.81889,16718541725.9444,0.416542021136062,0.606900414623018,36.5115783287188,0
"linear_raw",4,3,100,7381353836.56447,19301202658.5254,2.11387103431432,0.433379833764417,38.8640954814678,1
"linear_log",4,3,100,7045585901.71996,18014471871.1414,0.407454499707282,0.506409997527416,33.7337148519922,0
"spline_log",4,3,100,7042420676.10764,18489665752.8084,0.415360505102251,0.480026266002512,33.400576039564,0
"random_forest_log",4,3,100,6914351861.54283,18007699513.1702,0.400850087472623,0.506781048077413,32.7403460501117,0
"linear_raw",4,4,91,5482217903.98875,12880962516.024,2.07751658590728,0.61908387664369,40.5638387411916,1
"linear_log",4,4,91,6485970388.39886,14147098664.63,0.450663480438484,0.540519073890955,39.3098830686851,0
"spline_log",4,4,91,6344047280.62778,14026737984.1494,0.448287511417606,0.548304158728524,38.5233843453981,0
"random_forest_log",4,4,91,6666055349.94578,14467201647.7036,0.449990388893179,0.51949070557369,37.6455380972011,0
"linear_raw",4,5,90,4331064185.38316,7330551860.45743,3.66670955959807,0.68515647639157,36.3306110064812,3
"linear_log",4,5,90,4358247382.91305,7554937454.42786,0.362467363807151,0.665586986317758,31.0932990568172,0
"spline_log",4,5,90,4150125235.09402,7101647873.39037,0.362589187970376,0.704512106369039,31.0699179931341,0
"random_forest_log",4,5,90,4992511700.56414,9102779387.70135,0.399268518411697,0.514522107481022,34.7785053524746,0
"linear_raw",4,6,90,7824509554.89366,16190485490.2482,0.501624550112968,0.398792089557125,48.2744067526233,0
"linear_log",4,6,90,7284291021.59909,15312230415.4253,0.465499275846355,0.462248223225249,43.5428856436053,0
"spline_log",4,6,90,7313607481.40285,15575845046.5383,0.470432884757322,0.443573021439098,44.0526258295687,0
"random_forest_log",4,6,90,6058514712.08789,13563912447.4546,0.449686543583211,0.578036487968224,40.4225631913532,0
"linear_raw",4,7,90,8128054890.97109,16901449642.796,2.97058117160869,0.473981917902882,46.6499809159465,2
"linear_log",4,7,90,7574323016.81282,16500853438.0136,0.448707875414611,0.498621651317338,41.1235043040765,0
"spline_log",4,7,90,7729820114.81723,17055294900.0035,0.444342115040182,0.464362187042884,40.2842094504573,0
"random_forest_log",4,7,90,6988832021.00516,15082373300.6671,0.430930155272181,0.581117580571503,38.4862926019278,0
"linear_raw",4,8,90,5907067485.51655,11270692667.1245,2.92852914173186,0.371185397086261,39.7308949820663,2
"linear_log",4,8,90,5711672610.452,12003531198.3344,0.439938247042355,0.286753818978972,34.9261318835933,0
"spline_log",4,8,90,5577066662.01051,11505980070.8926,0.440593538979891,0.344657039483972,34.1012205585182,0
"random_forest_log",4,8,90,5810508744.13667,12264811844.7855,0.441808631953927,0.255365448428058,35.3619424896203,0
"linear_raw",4,9,90,5970906773.28901,18148115771.2396,3.02045255117723,0.26472823673897,31.6560552421841,2
"linear_log",4,9,90,7931542590.65551,39166856334.3048,0.338443138427484,-2.4246976507341,29.3918287550439,0
"spline_log",4,9,90,8088786816.62317,41434268301.8017,0.332535655738026,-2.83269406102207,29.1717111191122,0
"random_forest_log",4,9,90,4525072879.32509,8452063510.23128,0.342743692706931,0.840518500870528,30.6059193505392,0
"linear_raw",4,10,90,5880340235.96576,13760482649.5553,3.00357185423913,0.525657469786177,37.8880666881603,2
"linear_log",4,10,90,5407203283.11567,12937808735.0606,0.37683010984244,0.580679413360464,30.231243093021,0
"spline_log",4,10,90,5322671647.19455,13042722890.2898,0.378440705500362,0.573851203611481,29.9227670829347,0
"random_forest_log",4,10,90,5278187820.2343,13201143283.8138,0.392712955965951,0.563436099059601,30.7689929355836,0
"linear_raw",5,1,100,7896710437.87817,23720604353.8592,3.41988500165866,0.503883943143551,32.0339658287171,3
"linear_log",5,1,100,10098980327.2653,39565750296.7295,0.399445956758575,-0.38029080619411,32.3452992024399,0
"spline_log",5,1,100,11390200522.4055,51761091342.2532,0.399241460342,-1.36231948808539,32.1268324875935,0
"random_forest_log",5,1,100,8149976151.82438,24102932419.4667,0.427814471512465,0.487762286987817,32.5208954324629,0
"linear_raw",5,2,100,6740100499.47605,19432731846.1051,1.97945272332278,0.42299802247524,33.1649378950585,1
"linear_log",5,2,100,6591230168.19149,18633720074.2561,0.400508040849035,0.469471499118448,32.5513996968355,0
"spline_log",5,2,100,6674620279.77363,19088900440.1365,0.401680958891063,0.443235659875227,32.519361876389,0
"random_forest_log",5,2,100,6973181774.8736,18609955974.7926,0.428035148346353,0.470823831625912,36.3206560326412,0
"linear_raw",5,3,100,7642035685.11119,15387836647.2625,2.08959431487474,0.595882064706892,46.5918849727523,1
"linear_log",5,3,100,7977407096.22211,15938448080.9986,0.464882267206412,0.566444145619087,40.7293161402256,0
"spline_log",5,3,100,7429411733.87928,14851867091.6759,0.464057522989571,0.623543240977597,40.1002217256202,0
"random_forest_log",5,3,100,7758660299.53171,17113200371.5576,0.45839729555806,0.500177892337045,39.775239230968,0
"linear_raw",5,4,91,5302150948.77374,9592113187.84628,2.98737061610285,0.577136359956661,42.0149870124004,2
"linear_log",5,4,91,5056335513.5837,9174475666.71217,0.401787517162025,0.613157429434048,34.6879602169601,0
"spline_log",5,4,91,4971666429.64544,9217095481.58297,0.411901331366845,0.609554944736368,34.407813725778,0
"random_forest_log",5,4,91,5018115642.02908,9761326021.9614,0.416553956042797,0.562085434446232,34.5325697447759,0
"linear_raw",5,5,90,4087902571.63084,6061441135.55873,2.09406677661735,0.68660282875277,39.9913522134896,1
"linear_log",5,5,90,4113917668.17744,6195998553.15146,0.382435653861057,0.672534234745937,35.2537529289063,0
"spline_log",5,5,90,4004162530.88981,5977412977.13495,0.378439221561847,0.695231686025395,34.6530143528858,0
"random_forest_log",5,5,90,4054487426.76705,7474206538.45065,0.369207157920685,0.523488399590302,33.3620037735762,0
"linear_raw",5,6,90,6675344934.15978,12404696169.5545,2.09914135257993,0.506890508534261,42.9409251026725,1
"linear_log",5,6,90,5604887703.71498,9665573524.53654,0.423816835360015,0.700617537259813,38.2792906801924,0
"spline_log",5,6,90,5862846502.51669,10909900827.2417,0.425842711088247,0.618571882399328,38.0160720211874,0
"random_forest_log",5,6,90,6204219857.84908,10156303282.284,0.443754643102179,0.66944599673709,41.4488364582385,0
"linear_raw",5,7,90,5534760843.65456,14300713965.3108,2.08945862712199,0.535266731712103,33.6407727869972,1
"linear_log",5,7,90,5628636685.47052,14890798842.0345,0.388181752200152,0.496123253917988,28.422508733782,0
"spline_log",5,7,90,5601777827.72896,15083936331.0159,0.387380797236513,0.482967666100086,28.6596774088493,0
"random_forest_log",5,7,90,5829838907.8684,14735453219.0717,0.408375554855044,0.506581625232609,31.0680796079392,0
"linear_raw",5,8,90,4284299984.69498,6188433316.25476,3.00117776266105,0.799698614062976,36.1460349801401,2
"linear_log",5,8,90,4160428352.18844,6519514321.07066,0.352158108218641,0.777693065237927,31.9353668406543,0
"spline_log",5,8,90,3777571386.41162,5412228401.06438,0.353039172035627,0.84679435939665,31.5890045331727,0
"random_forest_log",5,8,90,3402947886.5811,4888462140.83069,0.330309540176598,0.87501236933496,29.1972618161078,0
"linear_raw",5,9,90,7257685738.73098,12711949954.208,0.503022126068506,0.356969182299651,47.4481124920153,0
"linear_log",5,9,90,6782615452.77363,11677442749.2304,0.462956047717154,0.457371085353938,43.768720564225,0
"spline_log",5,9,90,6752161559.65478,11443455440.594,0.462243407593095,0.478899122885696,43.8405463120997,0
"random_forest_log",5,9,90,6023080560.34531,12090849143.7012,0.461395649036135,0.41827055927644,43.4263135848148,0
"linear_raw",5,10,90,6986195743.30085,14557883549.4216,0.493706248963178,0.529639575196738,43.0235063773731,0
"linear_log",5,10,90,6226691723.08917,13135019962.2256,0.418359786779014,0.61709083086562,36.2881172529919,0
"spline_log",5,10,90,6364159414.41609,13630150467.7608,0.421596379070581,0.587678869323368,36.2097198001069,0
"random_forest_log",5,10,90,5716679637.78168,13601278449.5265,0.39327271398274,0.589423814817998,32.7548161832104,0
